phone,name,account,notes
16052252053,"Aberdeen Christian School, SD","Aberdeen Christian School, SD",State: SD | Vertical: Education: Lower Education | CallCount: 0
16052582618,Agar-Blunt-Onida School District,Agar-Blunt-Onida School District,State: SD | Vertical: Education: Lower Education | CallCount: 0
16059341890,"Alcester-Hudson School District, SD","Alcester-Hudson School District, SD",State: SD | Vertical: Education: Lower Education | CallCount: 0
6054875211,"Andes Central School District, NE","Andes Central School District, NE",State: SD | Vertical: Education: Lower Education | CallCount: 0
16059835597,"Arlington School District, SD","Arlington School District, SD",State: SD | Vertical: Education: Lower Education | CallCount: 0
6057242153,"Armour School District, SD","Armour School District, SD",State: SD | Vertical: Education: Lower Education | CallCount: 0
6052290263,Aspire SD,Aspire SD,State: SD | Vertical: Education: Lower Education | CallCount: 0
17125632607,"Audubon CSD, IA","Audubon CSD, IA",State: IA | Vertical: Education: Lower Education | CallCount: 0
605286329137,Avon School District 4-1,Avon School District 4-1,State: SD | Vertical: Education: Lower Education | CallCount: 0
6055295464,"Baltic School District, SD","Baltic School District, SD",State: SD | Vertical: Education: Lower Education | CallCount: 0
16057233355,Belle Fourche School District,Belle Fourche School District,State: SD | Vertical: Education: Lower Education | CallCount: 0
16056856112,"Bennett County School District, SD","Bennett County School District, SD",State: SD | Vertical: Education: Lower Education | CallCount: 0
16057635012,"Beresford School District, SD","Beresford School District, SD",State: SD | Vertical: Education: Lower Education | CallCount: 0
6052445273,"Bison School, SD","Bison School, SD",State: SD | Vertical: Education: Lower Education | CallCount: 0
16055893388,"Bon Homme School District, SD","Bon Homme School District, SD",State: SD | Vertical: Education: Lower Education | CallCount: 0
6056542314,"Bonesteel-Fairfax School, SD","Bonesteel-Fairfax School, SD",State: SD | Vertical: Education: Lower Education | CallCount: 0
16052856272,Bowdle City School District (SD) ISD - 22-1,Bowdle City School District (SD) ISD - 22-1,State: SD | Vertical: Education: Lower Education | CallCount: 0
16054494271,"Bridgewater-Emery School District, SD","Bridgewater-Emery School District, SD",State: SD | Vertical: Education: Lower Education | CallCount: 0
6054482234,"Britton-Hecla School, NE","Britton-Hecla School, NE",State: SD | Vertical: Education: Lower Education | CallCount: 0
4025563772,"Brownell-Talbot College Preparatory School, NE","Brownell-Talbot College Preparatory School, NE",State: NE | Vertical: Education: Lower Education | CallCount: 0
16057752644,"Burke School District, SD","Burke School District, SD",State: SD | Vertical: Education: Lower Education | CallCount: 0
6052963458,"Canistota School District, SD","Canistota School District, SD",State: SD | Vertical: Education: Lower Education | CallCount: 0
16057642706,"Canton School District, SD","Canton School District, SD",State: SD | Vertical: Education: Lower Education | CallCount: 0
16057932351,Castlewood School District (SD) ISD - 28-1,Castlewood School District (SD) ISD - 28-1,State: SD | Vertical: Education: Lower Education | CallCount: 0
13192321422,"Cedar Valley Catholic Schools, IA","Cedar Valley Catholic Schools, IA",State: IA | Vertical: Education: Lower Education | CallCount: 0
3193667462,"Cedar Valley Christian School, IA","Cedar Valley Christian School, IA",State: IA | Vertical: Education: Lower Education | CallCount: 0
6052344477,"Chamberlain School District, SD","Chamberlain School District, SD",State: SD | Vertical: Education: Lower Education | CallCount: 0
6054892411,"Chester School, SD","Chester School, SD",State: SD | Vertical: Education: Lower Education | CallCount: 0
4024837774,"Christ Lincoln Schools, NE","Christ Lincoln Schools, NE",State: NE | Vertical: Education: Lower Education | CallCount: 0
4024052662,"Christ Lutheran School, NE","Christ Lutheran School, NE",State: NE | Vertical: Education: Lower Education | CallCount: 0
15152852888,"Christ The King School, IA","Christ The King School, IA",State: IA | Vertical: Education: Lower Education | CallCount: 0
13086483336,City of Bancroft-Rosalie Community School District,City of Bancroft-Rosalie Community School District,State: NE | Vertical: Education: Lower Education | CallCount: 0
16055323603,Clark School District (SD) - ISD 12-2,Clark School District (SD) - ISD 12-2,State: SD | Vertical: Education: Lower Education | CallCount: 0
6055343534,"Colman-Egan School District, SD","Colman-Egan School District, SD",State: SD | Vertical: Education: Lower Education | CallCount: 0
16058421624,Colome Consolidated (SD) ISD - 59-3,Colome Consolidated (SD) ISD - 59-3,State: SD | Vertical: Education: Lower Education | CallCount: 0
4029653534,Concordia Lutheran Schools Of Omaha,Concordia Lutheran Schools Of Omaha,State: NE | Vertical: Education: Lower Education | CallCount: 0
16054626792,"Crazy Horse School, SD","Crazy Horse School, SD",State: SD | Vertical: Education: Lower Education | CallCount: 0
4025483892,"Creighton Preparatory School, NE","Creighton Preparatory School, NE",State: NE | Vertical: Education: Lower Education | CallCount: 0
16056733154,Custer School District (SD) - ISD16-1,Custer School District (SD) - ISD16-1,State: SD | Vertical: Education: Lower Education | CallCount: 0
6054223800,"Dakota Valley School District, SD","Dakota Valley School District, SD",State: SD | Vertical: Education: Lower Education | CallCount: 0
16058543176,De Smet School District (SD) - ISD 38-2,De Smet School District (SD) - ISD 38-2,State: SD | Vertical: Education: Lower Education | CallCount: 0
16053668612,Dell Rapids School District (SD) - ISD 49-3,Dell Rapids School District (SD) - ISD 49-3,State: SD | Vertical: Education: Lower Education | CallCount: 0
6056291115,"Deubrook Area Schools, SD","Deubrook Area Schools, SD",State: SD | Vertical: Education: Lower Education | CallCount: 0
6056356302,Doland School District (SD) - ISD 56-1,Doland School District (SD) - ISD 56-1,State: SD | Vertical: Education: Lower Education | CallCount: 0
14025572120,Douglas County School District,Douglas County School District,State: NE | Vertical: Education: Lower Education | CallCount: 0
5158524164,"Dows CSD, IA","Dows CSD, IA",State: IA | Vertical: Education: Lower Education | CallCount: 0
6053655140,"Dupree School, SD","Dupree School, SD",State: SD | Vertical: Education: Lower Education | CallCount: 0
16059644911,Eagle Butte School District (SD) - ISD 20-1,Eagle Butte School District (SD) - ISD 20-1,State: SD | Vertical: Education: Lower Education | CallCount: 0
6053565990,"Elk Point-Jefferson School District, SD","Elk Point-Jefferson School District, SD",State: SD | Vertical: Education: Lower Education | CallCount: 0
6055422541,"Elkton School District, SD","Elkton School District, SD",State: SD | Vertical: Education: Lower Education | CallCount: 0
6058732201,"Estelline High School, SD","Estelline High School, SD",State: SD | Vertical: Education: Lower Education | CallCount: 0
16058732201,Estelline School District (SD) - ISD 28-2,Estelline School District (SD) - ISD 28-2,State: SD | Vertical: Education: Lower Education | CallCount: 0
6052842875101,"Eureka Public School District, SD","Eureka Public School District, SD",State: SD | Vertical: Education: Lower Education | CallCount: 0
6059672152,"Faith School District, SD","Faith School District, SD",State: SD | Vertical: Education: Lower Education | CallCount: 0
60559862665,"Faulkton Area Schools 24-4, SD","Faulkton Area Schools 24-4, SD",State: SD | Vertical: Education: Lower Education | CallCount: 0
6059973263,"Flandreau Public Schools, IA","Flandreau Public Schools, IA",State: SD | Vertical: Education: Lower Education | CallCount: 0
16057582412,"Florence School District 14-1, SD","Florence School District 14-1, SD",State: SD | Vertical: Education: Lower Education | CallCount: 0
6053292145,"Frederick Area School District, SD","Frederick Area School District, SD",State: SD | Vertical: Education: Lower Education | CallCount: 0
16059254214,"Freeman School District 33-1, SD","Freeman School District 33-1, SD",State: SD | Vertical: Education: Lower Education | CallCount: 0
16055943452,"Garretson School District, SD","Garretson School District, SD",State: SD | Vertical: Education: Lower Education | CallCount: 0
16052674476,"Gayville-Volin School District 63-1, SD","Gayville-Volin School District 63-1, SD",State: SD | Vertical: Education: Lower Education | CallCount: 0
6057652436,"Gettysburg School District, SD","Gettysburg School District, SD",State: SD | Vertical: Education: Lower Education | CallCount: 0
16058358771,"Gregory School District 26-4, SD","Gregory School District 26-4, SD",State: SD | Vertical: Education: Lower Education | CallCount: 0
6053978381,"Groton Area School District, SD","Groton Area School District, SD",State: SD | Vertical: Education: Lower Education | CallCount: 0
14023725326,"Guardian Angels Central Catholic, NE","Guardian Angels Central Catholic, NE",State: NE | Vertical: Education: Lower Education | CallCount: 0
6058592679,Haakon School District (SD) - ISD 27-1,Haakon School District (SD) - ISD 27-1,State: SD | Vertical: Education: Lower Education | CallCount: 0
6057833631,"Hamlin School District, SD","Hamlin School District, SD",State: SD | Vertical: Education: Lower Education | CallCount: 0
16052394387,"Hanson School District 30-1, SD","Hanson School District 30-1, SD",State: SD | Vertical: Education: Lower Education | CallCount: 0
6053753241,"Harding County School District, SD","Harding County School District, SD",State: SD | Vertical: Education: Lower Education | CallCount: 0
3195923600,"Harmony Community School District, IA","Harmony Community School District, IA",State: IA | Vertical: Education: Lower Education | CallCount: 0
6058522275,"Highmore-Harrold School District, SD","Highmore-Harrold School District, SD",State: SD | Vertical: Education: Lower Education | CallCount: 0
16055743030,"Hill City School District, SD","Hill City School District, SD",State: SD | Vertical: Education: Lower Education | CallCount: 0
16052662151,"Hitchcock Tulare School District 56-6, SD","Hitchcock Tulare School District 56-6, SD",State: SD | Vertical: Education: Lower Education | CallCount: 0
16057454145,"Hot Springs School District, SD","Hot Springs School District, SD",State: SD | Vertical: Education: Lower Education | CallCount: 0
6059482252,"Hoven School District, SD","Hoven School District, SD",State: SD | Vertical: Education: Lower Education | CallCount: 0
16057724676,"Howard School District 48-3, SD","Howard School District 48-3, SD",State: SD | Vertical: Education: Lower Education | CallCount: 0
16418642211,"Hubbard-Radcliffe Community School District, IA","Hubbard-Radcliffe Community School District, IA",State: IA | Vertical: Education: Lower Education | CallCount: 0
6053957497,"Hutterville School, SD","Hutterville School, SD",State: SD | Vertical: Education: Lower Education | CallCount: 0
6054266561,Ipswich Public School District (SD) -ISD 22-6,Ipswich Public School District (SD) -ISD 22-6,State: SD | Vertical: Education: Lower Education | CallCount: 0
16052633311,"Irene - Wakonda School District 13-3, SD","Irene - Wakonda School District 13-3, SD",State: SD | Vertical: Education: Lower Education | CallCount: 0
16055462210,"Iroquois School District 02-3, SD","Iroquois School District 02-3, SD",State: SD | Vertical: Education: Lower Education | CallCount: 0
6058372175,Kadoka Area School District (SD) ISD - 35-1,Kadoka Area School District (SD) ISD - 35-1,State: SD | Vertical: Education: Lower Education | CallCount: 0
16057786231,"Kimball School District 07-2, SD","Kimball School District 07-2, SD",State: SD | Vertical: Education: Lower Education | CallCount: 0
6058474455,"Lake Preston School District, SD","Lake Preston School District, SD",State: SD | Vertical: Education: Lower Education | CallCount: 0
6054936454,"Langford School District, SD","Langford School District, SD",State: SD | Vertical: Education: Lower Education | CallCount: 0
16057173890,"Lead-Deadwood School District 40-1, SD","Lead-Deadwood School District 40-1, SD",State: SD | Vertical: Education: Lower Education | CallCount: 0
6053743762,"Lemmon School, SD","Lemmon School, SD",State: SD | Vertical: Education: Lower Education | CallCount: 0
16056472203,"Lennox School District 41-4, SD","Lennox School District 41-4, SD",State: SD | Vertical: Education: Lower Education | CallCount: 0
16054393143,"Leola School District 44-2, SD","Leola School District 44-2, SD",State: SD | Vertical: Education: Lower Education | CallCount: 0
3083772301,"Leyton Public Schools, NE","Leyton Public Schools, NE",State: NE | Vertical: Education: Lower Education | CallCount: 0
7128303366,"Lil Wildcat Education Center, Inc., IA","Lil Wildcat Education Center, Inc., IA",State: IA | Vertical: Education: Lower Education | CallCount: 0
6054556150,"Little Wound School, SD","Little Wound School, SD",State: SD | Vertical: Education: Lower Education | CallCount: 0
6058676875,"Loneman Day School, SD","Loneman Day School, SD",State: SD | Vertical: Education: Lower Education | CallCount: 0
6054730215,"Lower Brule Schools, SD","Lower Brule Schools, SD",State: SD | Vertical: Education: Lower Education | CallCount: 0
6058692213,"Lyman School District, SD","Lyman School District, SD",State: SD | Vertical: Education: Lower Education | CallCount: 0
6052567700,"Madison Central School District, SD","Madison Central School District, SD",State: SD | Vertical: Education: Lower Education | CallCount: 0
4029341330,"MARIAN HIGH SCHOOL, NE","MARIAN HIGH SCHOOL, NE",State: NE | Vertical: Education: Lower Education | CallCount: 0
16053845432,"Marty Indian School Board, Inc., SD","Marty Indian School Board, Inc., SD",State: SD | Vertical: Education: Lower Education | CallCount: 0
16054252264,McCook Central School District (SD) - ISD #43-7,McCook Central School District (SD) - ISD #43-7,State: SD | Vertical: Education: Lower Education | CallCount: 0
16052734227,"Mcintosh School District 15-1, SD","Mcintosh School District 15-1, SD",State: SD | Vertical: Education: Lower Education | CallCount: 0
6058234484,"McLaughlin School District, SD","McLaughlin School District, SD",State: SD | Vertical: Education: Lower Education | CallCount: 0
6053428265,"Memorial Christian School, SD","Memorial Christian School, SD",State: SD | Vertical: Education: Lower Education | CallCount: 0
6053875161,"Menno Public School, SD","Menno Public School, SD",State: SD | Vertical: Education: Lower Education | CallCount: 0
6054325579,"Milbank School District, SD","Milbank School District, SD",State: SD | Vertical: Education: Lower Education | CallCount: 0
6058532455,"Miller School District, SD","Miller School District, SD",State: SD | Vertical: Education: Lower Education | CallCount: 0
16058453360,"Mobridge-Pollock 62-6 School District, SD","Mobridge-Pollock 62-6 School District, SD",State: SD | Vertical: Education: Lower Education | CallCount: 0
7127374873,"MOC-Floyd Valley CSD, IA","MOC-Floyd Valley CSD, IA",State: IA | Vertical: Education: Lower Education | CallCount: 0
13089463836,"Nebraska Christian Schools, NE","Nebraska Christian Schools, NE",State: NE | Vertical: Education: Lower Education | CallCount: 0
14029911444,"Nelson Mandela Elementary School, Inc., NE","Nelson Mandela Elementary School, Inc., NE",State: NE | Vertical: Education: Lower Education | CallCount: 0
6054562393,"Newell School, SD","Newell School, SD",State: SD | Vertical: Education: Lower Education | CallCount: 0
16058873467,"Northwestern Area School District 56-7, SD","Northwestern Area School District 56-7, SD",State: SD | Vertical: Education: Lower Education | CallCount: 0
16055352631,"Oelrichs School District 23-3, SD","Oelrichs School District 23-3, SD",State: SD | Vertical: Education: Lower Education | CallCount: 0
6054542454,OGLALA LAKOTA COUNTY SCHOOL DISTRICT (SD) ISD- 65-1,OGLALA LAKOTA COUNTY SCHOOL DISTRICT (SD) ISD- 65-1,State: SD | Vertical: Education: Lower Education | CallCount: 0
16054828244,"Oldham - Ramona School District 39-5, SD","Oldham - Ramona School District 39-5, SD",State: SD | Vertical: Education: Lower Education | CallCount: 0
14027313033,"Omaha Catholic School Consortium, NE","Omaha Catholic School Consortium, NE",State: NE | Vertical: Education: Lower Education | CallCount: 0
4024515234,"Omaha Street School, NE","Omaha Street School, NE",State: NE | Vertical: Education: Lower Education | CallCount: 0
14027977700,"Our Lady of Guadalupe Seminary, NE","Our Lady of Guadalupe Seminary, NE",State: NE | Vertical: Education: Lower Education | CallCount: 0
6052973456,"Parker School, SD","Parker School, SD",State: SD | Vertical: Education: Lower Education | CallCount: 0
6059283368,"Parkston School District, SD","Parkston School District, SD",State: SD | Vertical: Education: Lower Education | CallCount: 0
16059427743,Plankinton School District (SD) ISD  1-1,Plankinton School District (SD) ISD  1-1,State: SD | Vertical: Education: Lower Education | CallCount: 0
16053373391,"Platte - Geddes School District 11-5, SD","Platte - Geddes School District 11-5, SD",State: SD | Vertical: Education: Lower Education | CallCount: 0
14028435325,"Pope John Xxiii Central Cath Hs, NE","Pope John Xxiii Central Cath Hs, NE",State: NE | Vertical: Education: Lower Education | CallCount: 0
4025789076,"Prairie Queen LLC, NE","Prairie Queen LLC, NE",State: NE | Vertical: Education: Lower Education | CallCount: 0
17126235471,"Red Oak Community School District Foundation, Inc.","Red Oak Community School District Foundation, Inc.",State: IA | Vertical: Education: Lower Education | CallCount: 0
16054724520,"Redfield School District 56-4, SD","Redfield School District 56-4, SD",State: SD | Vertical: Education: Lower Education | CallCount: 0
6055864352,RUTLAND SCHOOL DISTRICT (SD) - ISD 39-4,RUTLAND SCHOOL DISTRICT (SD) - ISD 39-4,State: SD | Vertical: Education: Lower Education | CallCount: 0
4029202539,"Saint (St.)  Francis School, NE","Saint (St.)  Francis School, NE",State: NE | Vertical: Education: Lower Education | CallCount: 0
14028782577,"Saint (St.) Augustines Indian Mission School, NE","Saint (St.) Augustines Indian Mission School, NE",State: NE | Vertical: Education: Lower Education | CallCount: 0
14026782282,"Saint (St.) Edward Public Schools, NE","Saint (St.) Edward Public Schools, NE",State: NE | Vertical: Education: Lower Education | CallCount: 0
4029371385,"Saint (St.) John Lutheran School, NE","Saint (St.) John Lutheran School, NE",State: NE | Vertical: Education: Lower Education | CallCount: 0
3193347173,"Saint (St.) Johns School, IA","Saint (St.) Johns School, IA",State: IA | Vertical: Education: Lower Education | CallCount: 0
15636593812,"Saint (St.) Joseph Catholic School, IA","Saint (St.) Joseph Catholic School, IA",State: IA | Vertical: Education: Lower Education | CallCount: 0
16052247185,"Saint (St.) Joseph School,SD","Saint (St.) Joseph School,SD",State: SD | Vertical: Education: Lower Education | CallCount: 0
16417827125,"Saint (St.) Malachy School / Creston, IA","Saint (St.) Malachy School / Creston, IA",State: IA | Vertical: Education: Lower Education | CallCount: 0
13193934445,Saint Pius X Elementary School,Saint Pius X Elementary School,State: IA | Vertical: Education: Lower Education | CallCount: 0
6055832237,"Scotland School District, SD","Scotland School District, SD",State: SD | Vertical: Education: Lower Education | CallCount: 0
5633593466,SCOTT COUNTY CATHOLIC SCHOOLS,SCOTT COUNTY CATHOLIC SCHOOLS,State: IA | Vertical: Education: Lower Education | CallCount: 0
14025647165,"Scotus Central Secondary School of Columbus, NE","Scotus Central Secondary School of Columbus, NE",State: NE | Vertical: Education: Lower Education | CallCount: 0
16056497818,"Selby Area School District 62-5, SD","Selby Area School District 62-5, SD",State: SD | Vertical: Education: Lower Education | CallCount: 0
6054556687,"Shannon County School District, SD","Shannon County School District, SD",State: SD | Vertical: Education: Lower Education | CallCount: 0
16053341422,Sioux Falls Christian Schools Association,Sioux Falls Christian Schools Association,State: SD | Vertical: Education: Lower Education | CallCount: 0
16056275657,"Sioux Valley School District 05-5, SD","Sioux Valley School District 05-5, SD",State: SD | Vertical: Education: Lower Education | CallCount: 0
6056987613,SISSETON SCHOOL DISTRICT (SD) -ISD 54-2,SISSETON SCHOOL DISTRICT (SD) -ISD 54-2,State: SD | Vertical: Education: Lower Education | CallCount: 0
16058453040,"Smee School District 15-3, SD","Smee School District 15-3, SD",State: SD | Vertical: Education: Lower Education | CallCount: 0
4027262151,"South Central Nebraska USD #5, NE","South Central Nebraska USD #5, NE",State: NE | Vertical: Education: Lower Education | CallCount: 0
13084972103,"SPALDING ACADEMY SCHOOL, NE","SPALDING ACADEMY SCHOOL, NE",State: NE | Vertical: Education: Lower Education | CallCount: 0
16052343300,St Joseph's Indian School,St Joseph's Indian School,State: SD | Vertical: Education: Lower Education | CallCount: 0
7123299000,"St. Albert Catholic School, IA","St. Albert Catholic School, IA",State: IA | Vertical: Education: Lower Education | CallCount: 0
16054285591,"St. Mary Catholic Schools, SD","St. Mary Catholic Schools, SD",State: SD | Vertical: Education: Lower Education | CallCount: 0
16052237741,"Stanley County School District, SD","Stanley County School District, SD",State: SD | Vertical: Education: Lower Education | CallCount: 0
6054982700,"Tea Area School District, SD","Tea Area School District, SD",State: SD | Vertical: Education: Lower Education | CallCount: 0
13086452614,"Thedford Public Schools, NE","Thedford Public Schools, NE",State: NE | Vertical: Education: Lower Education | CallCount: 0
16058653654,"Timber Lake School District 20-3, SD","Timber Lake School District 20-3, SD",State: SD | Vertical: Education: Lower Education | CallCount: 0
6057332290,"Tiospaye Topa, SD","Tiospaye Topa, SD",State: SD | Vertical: Education: Lower Education | CallCount: 0
16055435500,"Tri-Valley School District 49-6, SD","Tri-Valley School District 49-6, SD",State: SD | Vertical: Education: Lower Education | CallCount: 0
16059356766,"Tripp- Delmont School District 33-5, SD","Tripp- Delmont School District 33-5, SD",State: SD | Vertical: Education: Lower Education | CallCount: 0
14026682677,Verdigre Public Library,Verdigre Public Library,State: NE | Vertical: Education: Lower Education | CallCount: 0
6057665418,"Viborg School, SD","Viborg School, SD",State: SD | Vertical: Education: Lower Education | CallCount: 0
6053843677,"Wagner Community School, SD","Wagner Community School, SD",State: SD | Vertical: Education: Lower Education | CallCount: 0
17126645001,"Wall Lake View Auburn Community School District, IA","Wall Lake View Auburn Community School District, IA",State: IA | Vertical: Education: Lower Education | CallCount: 0
6052792156,Wall School District (SD) - ISD 51-5,Wall School District (SD) - ISD 51-5,State: SD | Vertical: Education: Lower Education | CallCount: 0
6052256194,"Warner School District, SD","Warner School District, SD",State: SD | Vertical: Education: Lower Education | CallCount: 0
12162957710,"Warrensville Heights City Schools, OH","Warrensville Heights City Schools, OH",State:  | Vertical: Education: Lower Education | CallCount: 0
6059474529,Waubay School District (SD) - ISD  18-3,Waubay School District (SD) - ISD  18-3,State: SD | Vertical: Education: Lower Education | CallCount: 0
16053453548,"Webster Area School District, SD","Webster Area School District, SD",State: SD | Vertical: Education: Lower Education | CallCount: 0
6055399391,"Wessington Springs School District, SD","Wessington Springs School District, SD",State: SD | Vertical: Education: Lower Education | CallCount: 0
13086543273,"Wheeler Central, NE","Wheeler Central, NE",State: NE | Vertical: Education: Lower Education | CallCount: 0
6052492251,"White Lake School District, SD","White Lake School District, SD",State: SD | Vertical: Education: Lower Education | CallCount: 0
16052593135,"White River School District 47-1, SD","White River School District 47-1, SD",State: SD | Vertical: Education: Lower Education | CallCount: 0
6056255945,"Willow Lake School District, SD","Willow Lake School District, SD",State: SD | Vertical: Education: Lower Education | CallCount: 0
6059384647,Wilmot School District (SD) - ISD 54-7,Wilmot School District (SD) - ISD 54-7,State: SD | Vertical: Education: Lower Education | CallCount: 0
16055573405,"Winner School District, SD","Winner School District, SD",State: SD | Vertical: Education: Lower Education | CallCount: 0
16058834221,"Wolsey Wessington School District 02-6, SD","Wolsey Wessington School District 02-6, SD",State: SD | Vertical: Education: Lower Education | CallCount: 0
3082343410,"Zion Lutheran School, NE","Zion Lutheran School, NE",State: NE | Vertical: Education: Lower Education | CallCount: 0
